WAVELENGTH,THROUGHPUT
1989.0,0.0
1990.0,4.7232503411306594E-8
1990.6463623046875,4.7589958845381006E-8
2000.0,5.4428885295568544E-8
2000.648193359375,5.478696541107543E-8
2010.0,4.716693131507969E-8
2010.64990234375,4.662782865741934E-8
2020.0,4.718160835154575E-8
2020.6517333984375,4.7217219940466073E-8
2030.0,4.970559232994658E-8
2030.6534423828125,4.988462994311182E-8
2040.0,4.6087478583910495E-8
2040.6552734375,4.581618181040955E-8
2050.0,4.4218815272860584E-8
2050.656982421875,4.4110003399417725E-8
2060.0,4.2720114453090905E-8
2060.658935546875,4.2619481980169424E-8
2070.0,4.2949233878478504E-8
2070.660888671875,4.296941417669295E-8
2080.0,4.5919861827813845E-8
2080.662841796875,4.6134813367907813E-8
2090.0,3.799148315296523E-8
2090.664794921875,3.740066218088955E-8
2100.0,3.6756179031596535E-8
2100.666748046875,3.6748594413686706E-8
2110.0,4.226590844505767E-8
2110.668701171875,4.2672055636864705E-8
2120.0,3.485720325176566E-8
2120.670654296875,3.427260109899099E-8
2130.0,4.097792078728163E-8
2130.672607421875,4.147703901825451E-8
2140.0,3.7068704868590926E-8
2140.674560546875,3.673746032499555E-8
2150.0,4.112346025387697E-8
2150.676513671875,4.144936258382356E-8
2160.0,3.629892969658797E-8
2160.6787109375,3.59079447764963E-8
2170.0,3.3500755020246656E-8
2170.6806640625,3.332007893821017E-8
2180.0,3.70117211517334E-8
2180.682861328125,3.728829342394568E-8
2190.0,3.89689475393587E-8
2190.684814453125,3.9093975715419705E-8
2200.0,3.9692015717708305E-8
2200.68701171875,3.972586762047145E-8
2210.0,3.115475339170693E-8
2210.68896484375,3.050533384667506E-8
2220.0,4.319076532355841E-8
2220.691162109375,4.4154374721859755E-8
2230.0,4.899094023404167E-8
2230.693115234375,4.933981770632011E-8
2240.0,4.7481503761524745E-8
2240.6953125,4.733504129496517E-8
2250.0,4.379402435271142E-8
2250.697509765625,4.352505629213423E-8
2260.0,5.083641491634388E-8
2260.69970703125,5.139447054198094E-8
2270.0,4.936173139229332E-8
2270.701904296875,4.9203777751941244E-8
2280.0,3.9975415051320564E-8
2280.7041015625,3.926047609002441E-8
2290.0,4.9440642613689906E-8
2290.706298828125,5.022828825889257E-8
2300.0,4.7912345458112614E-8
2300.70849609375,4.770830948360624E-8
2310.0,4.391795193370841E-8
2310.71044921875,4.3624536550729175E-8
2320.0,4.356206319522424E-8
2320.712890625,4.355349862290597E-8
2330.0,4.96811029699347E-8
2330.715087890625,5.01591623110361E-8
2340.0,3.947507332810925E-8
2340.71728515625,3.8641919951113795E-8
2350.0,4.3464373154950623E-8
2350.719482421875,4.384065681775697E-8
2360.0,4.9040893592887744E-8
2360.7216796875,4.9444590993278306E-8
2370.0,4.5901997938033395E-8
2370.723876953125,4.5626117525371665E-8
2380.0,3.5303671278927765E-8
2380.72607421875,3.448886195012125E-8
2390.0,4.486648508721616E-8
2390.728515625,4.5684446058057435E-8
2400.0,3.853428579629065E-8
2400.730712890625,3.793052266469674E-8
2410.0,5.1936785562325736E-8
2410.73291015625,5.303646318820786E-8
2420.0,4.926542166674289E-8
2420.735107421875,4.896775063648969E-8
2430.0,4.9491659826755466E-8
2430.737548828125,4.952403701900429E-8
2440.0,4.329394223177575E-8
2440.73974609375,4.2803495091868993E-8
2450.0,4.934660354839452E-8
2450.7421875,4.9866064253447324E-8
2460.0,4.386098275719084E-8
2460.744384765625,4.33789695784155E-8
2470.0,4.3339862097112214E-8
2470.74658203125,4.333936294212396E-8
2480.0,3.84762983752602E-8
2480.7490234375,3.808590128256781E-8
2490.0,3.2546265851848185E-8
2490.751220703125,3.209806157837119E-8
2500.0,4.44843110796534E-8
2500.753662109375,4.5478380336168776E-8
2510.0,4.302263198003608E-8
2510.756103515625,4.282371953180477E-8
2520.0,4.489320932000275E-8
2520.75830078125,4.505737745710825E-8
2530.0,4.57929347408191E-8
2530.760498046875,4.5855378066055266E-8
2540.0,4.000923741513442E-8
2540.762939453125,3.953187323807659E-8
2550.0,3.810201671179625E-8
2550.765380859375,3.798185538266183E-8
2560.0,4.131537295336573E-8
2560.767578125,4.1591152616480314E-8
2570.0,3.353036441815186E-8
2570.77001953125,3.286610260740633E-8
2580.0,3.6929471493185794E-8
2580.7724609375,3.726206157618074E-8
2590.0,4.287385605435833E-8
2590.77490234375,4.3341023446424256E-8
2600.0,4.6425429068213993E-8
2600.777099609375,4.667586290855365E-8
2610.0,4.688716154560508E-8
2610.779541015625,4.6900532337964194E-8
2620.0,4.6530503721951213E-8
2620.781982421875,4.650201325483884E-8
2630.0,4.011879942689883E-8
2630.7841796875,3.958477123221428E-8
2640.0,3.980946475480457E-8
2640.78662109375,3.982467104872543E-8
2650.0,4.67682165506219E-8
2650.7890625,4.735545292093645E-8
2660.0,4.63855025857467E-8
2660.79150390625,4.630242581675515E-8
2670.0,4.92022935623486E-8
2670.793701171875,4.944344855606953E-8
2680.0,4.800362549087948E-8
2680.796142578125,4.788352676332029E-8
2690.0,5.000080083914922E-8
2690.798583984375,5.018011167874265E-8
2700.0,5.350596715692061E-8
2700.801025390625,5.385385180891814E-8
2710.0,4.519084454210576E-8
2710.803466796875,4.44393708527286E-8
2720.0,5.102717765312137E-8
2720.805908203125,5.160350230689182E-8
2730.0,5.12093673328539E-8
2730.808349609375,5.1170999004394756E-8
2740.0,5.2398224673097765E-8
2740.810791015625,5.251006148331589E-8
2750.0,6.087595160326727E-8
2750.81298828125,6.161027986070391E-8
2760.0,5.470649676501454E-8
2760.815673828125,5.409913252518281E-8
2770.0,5.839521240772633E-8
2770.818115234375,5.877721181690652E-8
2780.0,5.492766303687575E-8
2780.8203125,5.458023848524215E-8
2790.0,5.4641812134828415E-8
2790.822998046875,5.465137115559831E-8
2800.0,5.6673730454594465E-8
2800.8251953125,5.688925507141941E-8
2810.0,5.872315749780001E-8
2810.827880859375,5.888505878762504E-8
2820.0,5.9204329052865623E-8
2820.830078125,5.923774316061829E-8
2830.0,6.452038562940908E-8
2830.83251953125,6.499191078664447E-8
2840.0,5.936502986963728E-8
2840.835205078125,5.885499491106809E-8
2850.0,6.463066284943357E-8
2850.837646484375,6.516080616254472E-8
2860.0,6.275954066841306E-8
2860.840087890625,6.253356971120463E-8
2870.0,7.736526277463355E-8
2870.842529296875,7.874014520364158E-8
2880.0,8.898263101394678E-8
2880.844970703125,8.992486251953484E-8
2890.0,2.5693457637771194E-7
2900.0,4.409604515137313E-7
2910.0,6.291667681698042E-7
2920.0,8.19759191981403E-7
2930.0,1.0140469215589522E-6
2930.857421875,1.0307717400843362E-6
2940.0,9.57477825616514E-6
2940.85986328125,1.0385070668428621E-5
2950.0,2.8869692824559344E-5
2950.8623046875,3.0627864345177866E-5
2960.0,7.181827078859342E-5
2960.86474609375,7.574212598267879E-5
2970.0,1.5728342089156436E-4
2970.8671875,1.6509226266395237E-4
2980.0,3.074127851823674E-4
2980.86962890625,3.210478854201251E-4
2990.0,4.94266432405059E-4
2990.872314453125,5.109719694169332E-4
3000.0,8.933450734829496E-4
3000.874755859375,9.296097963665801E-4
3010.0,0.001592255323821224
3010.877197265625,0.0016560665220380537
3020.0,0.0026907337266449905
3020.879638671875,0.002790557314974022
3030.0,0.004794999706977775
3030.882080078125,0.004988558296982938
3040.0,0.008296803034960927
3040.884765625,0.008618385933425171
3050.0,0.014172881381876635
3050.88720703125,0.014712630981405884
3060.0,0.023567658196503263
3060.8896484375,0.024433765617971972
3070.0,0.03875104693723944
3070.89208984375,0.040150521061119715
3080.0,0.060672620922262846
3080.894775390625,0.06269296870844966
3090.0,0.09049346805400114
3090.897216796875,0.09322677000421285
3100.0,0.12126970881846186
3100.899658203125,0.12405011906214196
3110.0,0.14789404684424165
3110.902099609375,0.15025877344272884
3120.0,0.1668281717461723
3120.90478515625,0.16846316328326977
3130.0,0.17362476076507757
3130.9072265625,0.17415343351226667
3140.0,0.18009693175792324
3140.909912109375,0.18067732778076342
3150.0,0.18181739638390054
3150.912353515625,0.1819464948764315
3160.0,0.18315636413751252
3160.914794921875,0.183263198446737
3170.0,0.1873233275645811
3170.917236328125,0.18774831911154108
3180.0,0.19081862787814374
3180.919921875,0.19111406681428525
3190.0,0.19299923763860888
3190.92236328125,0.19320642708038827
3200.0,0.1968037742209952
3200.9248046875,0.19714054506614928
3210.0,0.1955025219013444
3210.927490234375,0.1953513640929922
3220.0,0.1976131118309533
3220.929931640625,0.19782854794579116
3230.0,0.19677678859868364
3230.9326171875,0.19668496436841731
3240.0,0.19680994114032643
3240.93505859375,0.19680650701817923
3250.0,0.1975317009844651
3250.9375,0.19762299517296797
3260.0,0.19837015923758133
3260.940185546875,0.19843109051051358
3270.0,0.19883750384304963
3270.942626953125,0.198896337441931
3280.0,0.19890943525642993
3280.9453125,0.19889415694827575
3290.0,0.19855581404772382
3290.94775390625,0.19853708426106065
3300.0,0.19829864944670786
3300.9501953125,0.19825699939261401
3310.0,0.19749424912662494
3310.952880859375,0.19743071513406366
3320.0,0.19787344201678017
3320.955322265625,0.19790347243183845
3330.0,0.1990432770329564
3330.9580078125,0.19918070487156847
3340.0,0.2003449304441293
3340.96044921875,0.20045156110318726
3350.0,0.20109596554826234
3350.962890625,0.2011816083133083
3360.0,0.20089752208147524
3360.965576171875,0.20085013494836418
3370.0,0.19964604244401468
3370.968017578125,0.19953429858658506
3380.0,0.19800684469192897
3380.970703125,0.1978259324549477
3390.0,0.19549015575370846
3390.97314453125,0.1952554753620535
3400.0,0.1943725179580732
3400.975830078125,0.1941657456047063
3410.0,0.1935944250462187
3410.978271484375,0.19354884976447492
3420.0,0.19335584234498845
3420.98095703125,0.19331777309913536
3430.0,0.1928130671729614
3430.9833984375,0.1927732899504307
3440.0,0.19268553705147703
3440.986083984375,0.19265872464584388
3450.0,0.19138376095486878
3450.988525390625,0.1912607150467072
3460.0,0.18950977732138716
3460.9912109375,0.18930113272889565
3470.0,0.18692343080888613
3470.99365234375,0.18666222215255374
3480.0,0.18452481219495678
3480.996337890625,0.18430533144257172
3490.0,0.18210616959066384
3490.998779296875,0.18184710247159824
3500.0,0.17936828467814492
3501.00146484375,0.17908582692710032
3510.0,0.17625740119999114
3511.00390625,0.17592764342307923
3520.0,0.17305976302874074
3521.006591796875,0.17275566029616662
3530.0,0.16991405455922426
3531.009033203125,0.16958160611625506
3540.0,0.1665768642088276
3541.01171875,0.16625518258780303
3550.0,0.1634540596236929
3551.014404296875,0.1631247939227532
3560.0,0.15975759354578603
3561.016845703125,0.15937862299250657
3570.0,0.155348223470923
3571.019287109375,0.15490746456468363
3580.0,0.14977459676494684
3581.02197265625,0.14918064886530422
3590.0,0.14315203756586078
3591.024658203125,0.14248156474429818
3600.0,0.13633020025885334
3601.027099609375,0.13576878814918528
3610.0,0.13222477390393225
3611.02978515625,0.13182901672528363
3620.0,0.12937136865382098
3621.0322265625,0.12907601370051117
3630.0,0.12400083710786387
3631.034912109375,0.12341193249316618
3640.0,0.10900818007687146
3641.03759765625,0.10734752336056749
3650.0,0.08160684083456016
3651.0400390625,0.07860405663145356
3660.0,0.0503293279597845
3661.04248046875,0.04703733696325729
3670.0,0.02633947166782107
3671.045166015625,0.02391534125502083
3680.0,0.012608619991153518
3681.0478515625,0.01128293317151023
3690.0,0.0060667274051740255
3691.05029296875,0.005454028784038568
3700.0,0.003025307116188791
3701.052978515625,0.0027384883710454455
3710.0,0.0015906169422968068
3711.0556640625,0.0014550440551403924
3720.0,8.815528482859565E-4
3721.05810546875,8.134410876064219E-4
3730.0,5.110449256902299E-4
3731.060791015625,4.7510044751942153E-4
3740.0,3.0424478632030077E-4
3741.063232421875,2.839091665832923E-4
3750.0,1.8710370024112673E-4
3751.06591796875,1.755083263461565E-4
3760.0,1.1711739633527829E-4
3761.068603515625,1.1012976734191444E-4
3770.0,7.544652100411925E-5
3771.071044921875,7.126890058836003E-5
3780.0,4.529203130184139E-5
3781.07373046875,4.2162142097125964E-5
3790.0,2.872772835993626E-5
3791.076416015625,2.710704042850856E-5
3800.0,1.756468543491646E-5
3801.078857421875,1.6412112871364207E-5
3810.0,1.1001603910323196E-5
3811.08154296875,1.0342186671529976E-5
3820.0,6.199316016369249E-6
3821.083984375,5.693662815658834E-6
3830.0,4.835259608775309E-6
3840.0,3.857798141151941E-6
3850.0,2.8725276435414946E-6
3860.0,1.8736105877643464E-6
3870.0,8.64407613077251E-7
3871.09716796875,7.531268683687752E-7
3880.0,4.89481230406614E-7
3881.099609375,4.566799739555497E-7
3890.0,2.5912608394589874E-7
3891.102294921875,2.3453594394848302E-7
3900.0,1.50894333788036E-7
3901.10498046875,1.40468301957959E-7
3910.0,1.012999788602226E-7
3911.107421875,9.638552612283976E-8
3920.0,6.57812088932058E-8
3921.110107421875,6.194172634811389E-8
3930.0,4.499092671016077E-8
3931.11279296875,4.286272418595542E-8
3940.0,4.1040724479758576E-8
3941.115478515625,4.080662112805053E-8
3950.0,2.3209018845175892E-8
3951.117919921875,2.098399602840806E-8
3960.0,3.1484554541626096E-8
3961.12060546875,3.281874952086358E-8
3970.0,2.329462638396096E-8
3971.123291015625,2.208075863658871E-8
3980.0,5.14891427542714E-8
3981.125732421875,5.523605947253108E-8
3990.0,3.3719509773453775E-8
3991.12841796875,3.09736215754551E-8
4000.0,1.3961898389414787E-8
4001.131103515625,1.1775070214609163E-8
4010.0,1.0888938697696437E-8
4011.133544921875,1.0775540449640737E-8
4020.0,1.2387002741015563E-8
4021.13623046875,1.2594941683845508E-8
4030.0,1.586427065877131E-8
4031.138916015625,1.6284691564394663E-8
4040.0,1.8855305644987924E-9
4041.1416015625,2.735785058128537E-11
4050.0,1.2121117326573264E-8
4051.14404296875,1.3686900228568168E-8
4060.0,1.951463114933184E-8
4061.146728515625,2.0269090700443417E-8
4070.0,1.3870631253548027E-8
4071.1494140625,1.3038557968596465E-8
4080.0,1.3383875438157576E-8
4081.15185546875,1.3430202798587315E-8
4090.0,1.921038363812926E-8
4091.154541015625,1.996444741184341E-8
4100.0,1.2822706968290739E-8
4101.1572265625,1.1886872333996453E-8
4110.0,1.4045625399964916E-9
4111.15966796875,2.7717921764131763E-11
4120.0,1.2333703254028525E-8
4121.16259765625,1.3954575167738519E-8
4130.0,7.408563420080518E-9
4131.1650390625,6.544253837632994E-9
4140.0,9.161897791573859E-9
4141.16748046875,9.50832517944646E-9
4150.0,1.0576815450120119E-8
4151.17041015625,1.0719685226531798E-8
4160.0,1.974029229395502E-8
4161.1728515625,2.0939240652787984E-8
4170.0,1.4358252909308554E-8
4171.17529296875,1.348067999019864E-8
4180.0,1.5417329571314426E-8
4181.17822265625,1.5677853840771954E-8
4190.0,1.4647105819855817E-8
4191.1806640625,1.4507341928345094E-8
4200.0,2.3247122709824058E-8
4201.18359375,2.4421754770668907E-8
4210.0,2.2040744208564595E-8
4211.18603515625,2.171993951619127E-8
4220.0,2.3586987903137283E-8
4221.1884765625,2.3841522463049595E-8
4230.0,1.3977612478228115E-8
4231.19140625,1.2638934348253565E-8
4240.0,3.316746832309044E-8
4241.19384765625,3.595268490038302E-8
4250.0,1.7848834701483894E-8
4251.1962890625,1.538843740358995E-8
4260.0,1.758758462905415E-8
4261.19921875,1.788586477569438E-8
4270.0,2.412877665815228E-8
4271.20166015625,2.49820614977899E-8
4280.0,1.8344111309324095E-8
4281.20458984375,1.743433942981637E-8
4290.0,2.868722696186162E-8
4291.20703125,3.023619999664803E-8
4300.0,3.7126240591884086E-8
4301.20947265625,3.807177874475061E-8
4310.0,2.7470185043019003E-8
4311.21240234375,2.6006486117642484E-8
4320.0,2.0998846221409322E-8
4321.21484375,2.0305858375734724E-8
4330.0,1.951060909894206E-8
4331.2177734375,1.940227302449293E-8
4340.0,1.650018361891036E-8
4341.22021484375,1.6094520651286504E-8
4350.0,3.1661005663673475E-8
4351.22265625,3.3830917401073214E-8
4360.0,2.0511078956113436E-8
4361.2255859375,1.8649342396070277E-8
4370.0,1.2532790158040529E-8
4371.22802734375,1.167711464938148E-8
4380.0,2.6779741050955777E-8
4381.23046875,2.8899076815463818E-8
4390.0,1.615848120129669E-8
4391.2333984375,1.4364800723378575E-8
4400.0,2.7303167747431683E-8
4401.23583984375,2.9128888470068967E-8
4410.0,1.7615542745293252E-8
4411.23876953125,1.598659709726571E-8
4420.0,2.0561963713632958E-8
4421.2412109375,2.1213026155023534E-8
4430.0,2.0319481572817773E-8
4431.244140625,2.019112744868757E-8
4440.0,2.2804317679526433E-8
4441.24658203125,2.3176844975463447E-8
4450.0,1.949191362377009E-8
4451.2490234375,1.896539813350892E-8
4460.0,2.0844025485706787E-8
4461.251953125,2.111539385075017E-8
4470.0,1.3201055991194212E-8
4471.25439453125,1.2062426481514974E-8
4480.0,2.0789874265502377E-8
4481.25732421875,2.2046268642283856E-8
4490.0,1.994643074186157E-8
4491.259765625,1.9643444950943527E-8
4500.0,2.347630365711771E-8
4501.26220703125,2.402867343338877E-8
4510.0,2.0607961222820437E-8
4511.26513671875,2.011448250809074E-8
4520.0,2.770060051957398E-8
4521.267578125,2.8800073623046956E-8
4530.0,1.8628759094260715E-8
4531.2705078125,1.7147855865090147E-8
4540.0,1.8803167318269626E-8
4541.27294921875,1.9044717401868947E-8
4550.0,2.499943479596104E-8
4551.275390625,2.5870278127096108E-8
4560.0,2.3018358928454667E-8
4561.2783203125,2.2602659853765093E-8
4570.0,2.1700858191658226E-8
4571.28076171875,2.1565860484695858E-8
4580.0,1.5026691945973476E-8
4581.28369140625,1.4063290929481938E-8
4590.0,1.0971957679115806E-8
4591.2861328125,1.0515498947742334E-8
4600.0,2.41401343694191E-8
4601.28857421875,2.6156301759562802E-8
4610.0,2.595879778071243E-8
4611.29150390625,2.5932340169213402E-8
4620.0,1.9279634820965135E-8
4621.2939453125,1.828758823417746E-8
4630.0,2.657716002163057E-8
4631.296875,2.7812052722564282E-8
4640.0,2.701597729275374E-8
4641.29931640625,2.6897072039782212E-8
4650.0,2.3975579770604447E-8
4651.3017578125,2.3538276855598387E-8
4660.0,2.2780014720635935E-8
4661.3046875,2.266623000863664E-8
4670.0,2.0327145586383645E-8
4671.30712890625,1.9977570256002378E-8
4680.0,1.78303355891543E-8
4681.31005859375,1.7504356665327886E-8
4690.0,3.0619359317944064E-8
4691.3125,3.260112832336636E-8
4700.0,2.0593921612412385E-8
4701.3154296875,1.877497607072667E-8
4710.0,2.2646386452981362E-8
4711.31787109375,2.323414169256976E-8
4720.0,2.8540599409111913E-8
4721.3203125,2.9347954319209132E-8
4730.0,3.3546849524075203E-8
4731.3232421875,3.418728313442608E-8
4740.0,1.990943693896105E-8
4741.32568359375,1.7728960855984884E-8
4750.0,1.9271345151520385E-8
4751.32861328125,1.9505691832752558E-8
4760.0,1.4925369518189672E-8
4761.3310546875,1.422196057000811E-8
4770.0,2.4730473968962085E-8
4771.333984375,2.6348292434877603E-8
4780.0,1.9516831220279558E-8
4781.33642578125,1.8462824838430396E-8
4790.0,1.890032037377986E-8
4791.3388671875,1.8967958158247464E-8
4800.0,2.6241495623774712E-8
4801.341796875,2.7368850551510375E-8
4810.0,2.3519145629494584E-8
4811.34423828125,2.2923796351461133E-8
4820.0,2.0967978431175656E-8
4821.34716796875,2.0660820783002502E-8
4830.0,3.3753699834844705E-8
4831.349609375,3.579627178261624E-8
4840.0,2.7153919006529814E-8
4841.3525390625,2.5802146197438965E-8
4850.0,2.147486030745506E-8
4851.35498046875,2.079655813989024E-8
4860.0,2.8794390031297498E-8
4861.357421875,3.005063582626305E-8
4870.0,2.3419381361310558E-8
4871.3603515625,2.2375245942416268E-8
4880.0,2.2716379066473556E-8
4881.36279296875,2.2770221794443334E-8
4890.0,3.2283864067633373E-8
4891.36572265625,3.379263644943095E-8
4900.0,1.8072493920417794E-8
4901.3681640625,1.5576691574199524E-8
4910.0,1.6637858264327733E-8
4911.37109375,1.6806469498884796E-8
4920.0,1.3364590708261044E-8
4921.37353515625,1.2816525122218719E-8
4930.0,2.39169514282869E-8
4931.3759765625,2.5688202672525512E-8
4940.0,9.6533860701736E-9
4941.37890625,7.088613200253607E-9
4950.0,1.4823183696050539E-8
4951.38134765625,1.6062943918998075E-8
4960.0,1.3857346424971679E-8
4961.38427734375,1.3502958852915475E-8
4970.0,1.2262071065928952E-8
4971.38671875,1.2062273983315569E-8
4980.0,1.1094286580318687E-8
4981.3896484375,1.0938060686192545E-8
4990.0,1.4034771366525744E-8
4991.39208984375,1.4537342662203431E-8
5000.0,1.4785575495085056E-8
5001.39501953125,1.482339712275493E-8
5010.0,2.23708151652558E-8
5011.3974609375,2.3596577282018846E-8
5020.0,2.1141243873529036E-8
5021.39990234375,2.0741674124384866E-8
5030.0,2.0515894977159647E-8
5031.40283203125,2.0478412969430024E-8
5040.0,1.754349050238546E-8
5041.4052734375,1.7063849163922833E-8
5050.0,1.8357815288895213E-8
5051.408203125,1.8569781389076835E-8
5060.0,8.211797050776344E-9
5061.41064453125,6.511494457512693E-9
5070.0,1.9268958857192517E-8
5071.41357421875,2.136810048182093E-8
5080.0,2.7376150939043325E-8
5081.416015625,2.8366779834890724E-8
5090.0,1.1576373491948302E-8
5091.4189453125,8.801409400195078E-9
5100.0,1.370952549749256E-8
5101.42138671875,1.452237181455879E-8
5110.0,1.2737617347434102E-8
5111.42431640625,1.2441341018206498E-8
5120.0,1.82003680849557E-8
5121.4267578125,1.9158325922127824E-8
5130.0,1.7625343950569458E-8
5131.42919921875,1.737193909881918E-8
5140.0,1.748182798261722E-8
5141.43212890625,1.749809163332865E-8
5150.0,1.667731160962075E-8
5151.4345703125,1.653991258762436E-8
5160.0,1.9662097170239506E-8
5161.4375,2.0185984704036002E-8
5170.0,2.103951150253005E-8
5171.43994140625,2.118300732121285E-8
5180.0,1.3375257272604486E-8
5181.44287109375,1.205943703644065E-8
5190.0,1.9895425589579298E-8
5191.4453125,2.1218692036552718E-8
5200.0,2.1141489635774997E-8
5201.4482421875,2.1128422236116517E-8
5210.0,2.6434314175393376E-8
5211.45068359375,2.7334202445176704E-8
5220.0,2.4318623071037483E-8
5221.45361328125,2.380598018838038E-8
5230.0,1.59681801810983E-8
5231.4560546875,1.4633225124239909E-8
5240.0,1.8424619024286938E-8
5241.45849609375,1.9071741041644223E-8
5250.0,2.42911167965311E-8
5251.46142578125,2.51840145506265E-8
5260.0,1.8520233779783138E-8
5261.4638671875,1.7377944101185987E-8
5270.0,1.4225119677221914E-8
5271.466796875,1.3683427622428158E-8
5280.0,1.2956567081093696E-8
5281.46923828125,1.2831428253866188E-8
5290.0,2.156270415521686E-8
5291.47216796875,2.306925894937336E-8
5300.0,1.3151916031701893E-8
5301.474609375,1.143727367199074E-8
5310.0,2.10363638033067E-8
5311.4775390625,2.2699734918724932E-8
5320.0,2.0386488023867133E-8
5321.47998046875,1.9984841715068244E-8
5330.0,2.1907001684930004E-8
5331.48291015625,2.2241494355416953E-8
5340.0,2.0183522604865024E-8
5341.4853515625,1.9824668213773964E-8
5350.0,1.8686534507548873E-8
5351.48779296875,1.8487673319671046E-8
5360.0,1.132392432028375E-8
5361.49072265625,1.0069543605634018E-8
5370.0,2.3925745881018847E-8
5371.4931640625,2.635674699571349E-8
5380.0,2.5615263312836795E-8
5381.49609375,2.5484886750655308E-8
5390.0,3.55118304264016E-8
5391.49853515625,3.7278456403060924E-8
5400.0,2.4189367144166206E-8
5401.50146484375,2.187804027547273E-8
5410.0,1.9432012986280818E-8
5411.50390625,1.8999223272171543E-8
5420.0,1.3132070995926669E-8
5421.5068359375,1.2091669244679342E-8
5430.0,2.7995138142264723E-8
5431.50927734375,3.082069618107978E-8
5440.0,2.8838966008500806E-8
5441.51220703125,2.8486072037898353E-8
5450.0,1.608409680302638E-8
5451.5146484375,1.387138269687412E-8
5460.0,1.008478442430387E-8
5461.517578125,9.407691257985708E-9
5470.0,1.936783464069046E-8
5471.52001953125,2.1152264146144366E-8
5480.0,1.7532605476758412E-8
5481.5224609375,1.688287842612211E-8
5490.0,2.2769019936875856E-8
5491.525390625,2.382788396902738E-8
5500.0,1.574752660678557E-8
5501.52783203125,1.4291033466115219E-8
5510.0,1.8198198739016883E-8
5511.53076171875,1.890395886841616E-8
5520.0,2.990766146460819E-8
5521.533203125,3.189915835130936E-8
5530.0,2.8389006204665238E-8
5531.5361328125,2.7752296414851566E-8
5540.0,1.6234479021446754E-8
5541.53857421875,1.4141292281419386E-8
5550.0,2.4072221886838972E-8
5551.54150390625,2.588092700515494E-8
5560.0,1.9761285033080242E-8
5561.5439453125,1.864455186654943E-8
5570.0,3.2686366095624166E-8
5571.546875,3.5249692207523796E-8
5580.0,1.77523940054673E-8
5581.54931640625,1.4550961729148978E-8
5590.0,3.041293674340285E-8
5591.55224609375,3.3325667954224E-8
5600.0,2.665644111570468E-8
5601.5546875,2.542940168266036E-8
5610.0,2.6702466681032445E-8
5611.5576171875,2.693718358475999E-8
5620.0,1.8795749479249654E-8
5621.56005859375,1.7291727896981113E-8
5630.0,2.4026604830053752E-8
5631.56298828125,2.527239702517132E-8
5640.0,3.075730458613033E-8
5641.5654296875,3.177441638380509E-8
5650.0,1.768131264701584E-8
5651.56787109375,1.5063091748281138E-8
5660.0,3.4381731363947386E-8
5661.57080078125,3.7978480855522466E-8
5670.0,3.242689120760721E-8
5671.57373046875,3.13909724321067E-8
5680.0,2.0738573656727224E-8
5681.576171875,1.874713597953216E-8
5690.0,2.0225940117807105E-8
5691.57861328125,2.0502897760854914E-8
5700.0,1.782732989011436E-8
5701.58154296875,1.732515899379582E-8
5710.0,2.070272348063422E-8
5711.583984375,2.1337861581046014E-8
5720.0,1.2928938004429266E-8
5721.5869140625,1.1342755795685741E-8
5730.0,2.4961103763377274E-8
5731.58935546875,2.753381191523855E-8
5740.0,2.5185052061666775E-8
5741.59228515625,2.4740657599814572E-8
5750.0,2.692796942316946E-8
5751.5947265625,2.7342600689222696E-8
5760.0,2.2455699141507514E-8
5761.59765625,2.1527359104421193E-8
5770.0,1.1203493304264192E-8
5771.60009765625,9.238622055485947E-9
5780.0,1.649555613687331E-8
5781.60302734375,1.7879640815324642E-8
5790.0,1.9449123467010375E-8
5791.60546875,1.9749019729712495E-8
5800.0,1.857546491899016E-8
5801.6083984375,1.8350752773278914E-8
5810.0,9.843821075942492E-9
5811.61083984375,8.211803436604245E-9
5820.0,1.6410385058366764E-8
5821.61376953125,1.7984105605814644E-8
5830.0,1.879442084716783E-8
5831.6162109375,1.8953423396472442E-8
5840.0,1.8822444403180775E-8
5841.619140625,1.8797154581738786E-8
5850.0,2.392553971058476E-8
5851.62158203125,2.491739664538829E-8
5860.0,2.0598897213532504E-8
5861.62451171875,1.9761940020644297E-8
5870.0,6.428698891027846E-9
5871.626953125,3.839812630056852E-9
5880.0,1.5720836813820543E-8
5881.6298828125,1.8032581520680806E-8
5890.0,1.0363413128445503E-8
5891.63232421875,8.868429543821369E-9
5900.0,1.3217154409096488E-8
5901.634765625,1.4064438030850753E-8
5910.0,7.578539345022597E-9
5911.6376953125,6.311271306363754E-9
5920.0,1.1093633626612034E-8
5921.640625,1.2031507434642334E-8
5930.0,1.6226900476184726E-8
5931.64306640625,1.705117744978677E-8
5940.0,1.8035225739266012E-8
5941.6455078125,1.8228916317888603E-8
5950.0,1.4602925504361703E-8
5951.6484375,1.3887776543381155E-8
5960.0,1.4899893234927844E-8
5961.65087890625,1.509988633610545E-8
5970.0,1.71614527606086E-8
5971.65380859375,1.7567180959098062E-8
5980.0,2.2001152300073454E-8
5981.65673828125,2.2883420251710318E-8
5990.0,1.1450490584994476E-8
5991.6591796875,9.177818981216238E-9
6000.0,2.0071487691801436E-8
6001.66162109375,2.224445356575648E-8
6010.0,2.523718539372658E-8
6011.66455078125,2.5834983565819025E-8
6020.0,1.7887942532169148E-8
6021.6669921875,1.6297697416426484E-8
6030.0,1.1612255611535734E-8
6031.669921875,1.0671029715528092E-8
6040.0,2.887929324631915E-8
6041.67236328125,3.2538094380880395E-8
6050.0,1.8605566800740825E-8
6051.67529296875,1.580138126959188E-8
6060.0,2.1863358421623928E-8
6061.677734375,2.3085660468786202E-8
6070.0,2.2351792642755736E-8
6071.6806640625,2.2203533710866344E-8
6080.0,2.2377262619539657E-8
6081.68310546875,2.2412425456943126E-8
6090.0,1.2437436916148062E-8
6091.68603515625,1.0412795577815479E-8
6100.0,1.9135212507849734E-8
6101.6884765625,2.090898847090807E-8
6110.0,2.8260352161610372E-8
6111.69140625,2.9757091413981184E-8
6120.0,2.315937527011654E-8
6121.69384765625,2.1813679079114607E-8
6130.0,2.0339281958612817E-8
6131.69677734375,2.0037938931995057E-8
6140.0,1.7168656016367872E-8
6141.69921875,1.6581189353470534E-8
6150.0,2.667752373790732E-8
6151.7021484375,2.874469265998903E-8
6160.0,2.8770143879134452E-8
6161.70458984375,2.8779536567789936E-8
6170.0,2.401472354226653E-8
6171.70751953125,2.303347345092394E-8
6180.0,2.3740072697053045E-8
6181.7099609375,2.3885838972824153E-8
6190.0,1.911674088807239E-8
6191.712890625,1.8130866611941897E-8
6200.0,1.92095248860602E-8
6201.71533203125,1.9430053504086823E-8
6210.0,1.9237057131131765E-8
6211.71826171875,1.919985392415216E-8
6220.0,5.817509636227692E-9
6221.720703125,3.0357436135816927E-9
6230.0,2.3607460190732998E-8
6231.7236328125,2.789252635371016E-8
6240.0,1.9557047080150178E-8
6241.72607421875,1.781507740363828E-8
6250.0,1.815122723474039E-8
6251.72900390625,1.8224120650737985E-8
6260.0,2.316110856424597E-8
6261.7314453125,2.4195126401862486E-8
6270.0,1.930527859858869E-8
6271.734375,1.8279070124479694E-8
6280.0,1.7024927511402185E-8
6281.73681640625,1.6761258852949413E-8
6290.0,2.1393594710313166E-8
6291.73974609375,2.2366059125167318E-8
6300.0,2.173965375899826E-8
6301.7421875,2.161078323195305E-8
6310.0,2.0465061714224882E-8
6311.7451171875,2.0222791241813204E-8
6320.0,1.2885707389454582E-8
6321.74755859375,1.1331668706057227E-8
6330.0,1.8870702992530518E-8
6331.75048828125,2.046757884363496E-8
6340.0,1.638248306541916E-8
6341.7529296875,1.551707759899233E-8
6350.0,2.6020917869977864E-8
6351.755859375,2.8258308856951134E-8
6360.0,1.7284096026367916E-8
6361.75830078125,1.494239365461297E-8
6370.0,4.237465838572375E-8
6371.76123046875,4.823230020882975E-8
6380.0,2.8012059355835387E-8
6381.763671875,2.3688758718509383E-8
6390.0,2.1105531197401564E-8
6391.7666015625,2.05511805423758E-8
6400.0,2.0061821450915538E-8
6401.76904296875,1.9956611268877063E-8
6410.0,1.6010849347557578E-8
6411.77197265625,1.515870252271408E-8
6420.0,2.0862644792123635E-8
6421.7744140625,2.2095537212757093E-8
6430.0,2.0514185605380324E-8
6431.77734375,2.0171691096662256E-8
6440.0,2.546037447575128E-8
6441.77978515625,2.6605349858622973E-8
6450.0,2.1561531294284697E-8
6451.78271484375,2.0464268279240915E-8
6460.0,2.3483041723234757E-8
6461.78515625,2.4142087109509012E-8
6470.0,2.1001943129039888E-8
6471.7880859375,2.03182586806184E-8
6480.0,2.3702246858787268E-8
6481.79052734375,2.444019368193115E-8
6490.0,2.78312252479268E-8
6491.79345703125,2.8567746588998918E-8
6500.0,2.1276633843694117E-8
6501.7958984375,1.9678414257412673E-8
6510.0,2.051862301931919E-8
6511.798828125,2.0702474316028685E-8
6520.0,1.849467974787358E-8
6521.80126953125,1.8007786986950908E-8
6530.0,3.192115395312539E-8
6531.80419921875,3.4980274801129784E-8
6540.0,3.153920175661067E-8
6541.806640625,3.078195569628001E-8
6550.0,2.0320572235517008E-8
6551.8095703125,1.801414786237713E-8
6560.0,3.8443506555640985E-8
6561.81201171875,4.2948433741564287E-8
6570.0,2.7620206340391835E-8
6571.81494140625,2.4235245458822197E-8
6580.0,3.096179568027365E-8
6581.8173828125,3.245259152763748E-8
6590.0,1.826072767727302E-8
6591.8203125,1.51068917277542E-8
6600.0,2.1294230726233766E-8
6601.82275390625,2.2672827241537184E-8
6610.0,1.7200343515653067E-8
6611.82568359375,1.5980741661570682E-8
6620.0,1.9647659113898802E-8
6621.828125,2.0466223986341334E-8
6630.0,2.650349124198963E-8
6631.8310546875,2.7847374007939767E-8
6640.0,1.3980219507165868E-8
6641.83349609375,1.0879057648848012E-8
6650.0,1.889161534605083E-8
6651.83642578125,2.0689356678457858E-8
6660.0,1.3393550190265468E-8
6661.8388671875,1.1751951037929652E-8
6670.0,1.5630764509214314E-8
6671.841796875,1.6505994483839107E-8
6680.0,2.1384114338659014E-8
6681.84423828125,2.2484342322143995E-8
6690.0,1.2836094137934993E-8
6691.84716796875,1.065413811201295E-8
6700.0,1.8789998187445047E-8
6701.849609375,2.0633244022145347E-8
6710.0,2.4101061321299083E-8
6711.8525390625,2.4887464741727805E-8
6720.0,2.4987623408554647E-8
6721.85498046875,2.500633910268919E-8
6730.0,2.2849930523287535E-8
6731.85791015625,2.2363128785237825E-8
6740.0,3.0802307231161785E-8
6741.8603515625,3.2726092320484015E-8
6750.0,3.909390035342487E-8
6751.86328125,4.0541673373483645E-8
6760.0,4.5524030574322406E-8
6761.86572265625,4.667031618240152E-8
6770.0,6.915825160739346E-8
6771.86865234375,7.431234288879292E-8
6780.0,9.913987250567521E-8
6781.87109375,1.0482267274525297E-7
6790.0,1.4063934833878712E-7
6791.8740234375,1.4889415109919412E-7
6800.0,1.7307375792624487E-7
6801.87646484375,1.7864438003253842E-7
6810.0,2.2766519001586633E-7
6811.87939453125,2.389410465014005E-7
6820.0,3.109323688673671E-7
6821.88232421875,3.276196332164856E-7
6830.0,4.0603354084039286E-7
6831.884765625,4.242157873153158E-7
6840.0,5.280725500727016E-7
6841.8876953125,5.520899378760491E-7
6850.0,6.688795957061387E-7
6851.89013671875,6.961240693271497E-7
6860.0,8.442789253721932E-7
6861.892578125,8.78636219422861E-7
6870.0,1.0623575007787032E-6
6871.8955078125,1.1053644192872969E-6
6880.0,1.3079221043280918E-6
6881.8984375,1.3552691860773032E-6
6890.0,1.5858674001156262E-6
6891.90087890625,1.6395887070962278E-6
6900.0,1.9032624468746121E-6
6901.90380859375,1.9653824291784935E-6
6910.0,2.2069010163669307E-6
6911.90625,2.263648017966717E-6
6920.0,2.5672097259073355E-6
6921.9091796875,2.638228807971881E-6
6930.0,2.8992899466918913E-6
6931.91162109375,2.9612759703824487E-6
6940.0,3.2489647585481845E-6
6941.91455078125,3.31636399344509E-6
6950.0,3.5630830077100437E-6
6951.9169921875,3.622003832934819E-6
6960.0,3.865865499105485E-6
6961.919921875,3.923668720700866E-6
6970.0,4.180625496049999E-6
6971.92236328125,4.2409251620166255E-6
6980.0,4.453395842798787E-6
6981.92529296875,4.504638858214803E-6
6990.0,4.638882333090244E-6
6991.927734375,4.6708615711066195E-6
7000.0,4.842724023773483E-6
7001.9306640625,4.882398774982302E-6
7010.0,5.061770078836155E-6
7011.93310546875,5.1054420258035214E-6
7020.0,5.186662930462374E-6
7021.93603515625,5.205229944184489E-6
7030.0,5.304159819506154E-6
7031.9384765625,5.3283874246606135E-6
7040.0,5.42631643052068E-6
7041.94140625,5.449826267788723E-6
7050.0,5.5832936154902176E-6
7051.94384765625,5.6144339161752365E-6
7060.0,5.6909604360109685E-6
7061.94677734375,5.710342001997126E-6
7070.0,5.8363257447900544E-6
7071.94921875,5.865727265527513E-6
7080.0,5.893358632617081E-6
7081.9521484375,5.90102889532086E-6
7090.0,5.94634465630485E-6
7091.95458984375,5.956299816718007E-6
7100.0,5.980015370631816E-6
7101.95751953125,5.986779349604411E-6
7110.0,5.9727698043166615E-6
7111.9599609375,5.969362543418339E-6
7120.0,5.9113677188361366E-6
7121.962890625,5.896233366157032E-6
7130.0,5.8210112946508605E-6
7131.96533203125,5.8036780568506015E-6
7140.0,5.720347691384302E-6
7141.96826171875,5.699011522443604E-6
7150.0,5.529970436546323E-6
7151.970703125,5.489596049998109E-6
7160.0,5.3236487501736385E-6
7161.9736328125,5.2820670064034195E-6
7170.0,5.05721645154738E-6
7171.97607421875,5.002929563852437E-6
7180.0,4.808591364270582E-6
7181.97900390625,4.760799890275476E-6
7190.0,4.510593057583077E-6
7191.98193359375,4.448178590862679E-6
7200.0,4.23147482743535E-6
7201.984375,4.178774084351903E-6
7210.0,3.958679355744719E-6
7211.9873046875,3.903593329253552E-6
7220.0,3.7044196075617155E-6
7221.98974609375,3.655785415623223E-6
7230.0,3.418849737806884E-6
7231.99267578125,3.3592303244184146E-6
7240.0,3.105176470010972E-6
7241.9951171875,3.042674769603966E-6
7250.0,2.8604878541944366E-6
7251.998046875,2.814671883446845E-6
7260.0,2.59689293987635E-6
7262.00048828125,2.543124148636902E-6
7270.0,2.384922958062645E-6
7272.00341796875,2.3454362567747483E-6
7280.0,2.1594704517298983E-6
7282.005859375,2.1126052526359086E-6
7290.0,1.9462581269475997E-6
7292.0087890625,1.9049699077267314E-6
7300.0,1.7545605635139132E-6
7302.01123046875,1.7165294067369184E-6
7310.0,1.5818364374024114E-6
7312.01416015625,1.5482957069349257E-6
7320.0,1.420450113944648E-6
7322.0166015625,1.3880286029229278E-6
7330.0,1.266520422389371E-6
7332.01953125,1.236132607941168E-6
7340.0,1.1235042911613506E-6
7342.02197265625,1.0948694067862718E-6
7350.0,1.0029795662060731E-6
7352.02490234375,9.799297267374751E-7
7360.0,9.035422766100329E-7
7362.02734375,8.840313123573075E-7
7370.0,7.929139736965965E-7
7372.0302734375,7.699465308830607E-7
7380.0,7.169700673441557E-7
7382.03271484375,7.033777213650759E-7
7390.0,6.367194440228108E-7
7392.03564453125,6.19871802767895E-7
7400.0,5.552962678757272E-7
7402.0380859375,5.387304342730831E-7
7410.0,4.94732388065266E-7
7412.041015625,4.835885010347043E-7
7420.0,4.450811106444081E-7
7422.04345703125,4.3514911411184963E-7
7430.0,3.9639529029946097E-7
7432.04638671875,3.865812993094426E-7
7440.0,3.401104135533804E-7
7442.04931640625,3.281117855013828E-7
7450.0,3.091826176589819E-7
7452.0517578125,3.0437104605707096E-7
7460.0,2.7144672850857356E-7
7462.0546875,2.6291192534359257E-7
7470.0,2.437860543402241E-7
7472.05712890625,2.388959316077637E-7
7480.0,2.1770570354476465E-7
7482.06005859375,2.121872156992641E-7
7490.0,1.9052611038479116E-7
7492.0625,1.8495491326524409E-7
7500.0,1.732699159141683E-7
7502.0654296875,1.7016336613374498E-7
7510.0,1.5079000922341973E-7
7512.06787109375,1.4579301602206478E-7
7520.0,1.3710929938612064E-7
7522.07080078125,1.3482680957893129E-7
7530.0,1.152866143247471E-7
7532.0732421875,1.1022299424317699E-7
7540.0,1.0602773472053243E-7
7542.076171875,1.049138527811963E-7
7550.0,9.91667428634107E-8
7552.07861328125,9.768438987486812E-8
7560.0,8.791655958629498E-8
7562.08154296875,8.534434789123175E-8
7570.0,8.076216484407135E-8
7572.083984375,7.957678296662767E-8
7580.0,7.28582671390814E-8
7582.0869140625,7.108099324290475E-8
7590.0,5.7748461051665946E-8
7592.08984375,5.425502339924644E-8
7600.0,5.574333073133896E-8
7602.09228515625,5.612472373919124E-8
7610.0,4.9836482826691754E-8
7612.09521484375,4.817862201695212E-8
7620.0,4.7070736270994295E-8
7622.09765625,4.67868171819288E-8
7630.0,4.362530812281428E-8
7632.1005859375,4.2770292662873174E-8
7640.0,3.92617346469412E-8
7642.10302734375,3.834045416135751E-8
7650.0,3.2388291309304836E-8
7652.10595703125,3.0803525822699365E-8
7660.0,3.497724049048492E-8
7662.1083984375,3.609164776686553E-8
7670.0,2.7236476596393906E-8
7672.111328125,2.4875240976235836E-8
7680.0,2.5918029508943773E-8
7682.11376953125,2.6200510718163657E-8
7690.0,2.359463018209431E-8
7692.11669921875,2.289452605453296E-8
7700.0,1.752861352996054E-8
7702.119140625,1.609515278349943E-8
7710.0,2.412856115371029E-8
7712.1220703125,2.628294700743914E-8
7720.0,2.615209149074017E-8
7722.12451171875,2.611190192012743E-8
7730.0,2.429216383387921E-8
7732.12744140625,2.3808108823981103E-8
7740.0,1.9306877364470263E-8
7742.1298828125,1.8092175564722514E-8
7750.0,2.326196062523948E-8
7752.1328125,2.4658675292146506E-8
7760.0,1.4635639842688628E-8
7762.13525390625,1.1927784008530899E-8
7770.0,1.3127356407381927E-8
7772.13818359375,1.3451328313400178E-8
7780.0,1.872159263758268E-8
7782.140625,2.0151193212643877E-8
7790.0,2.3871830660731557E-8
7792.1435546875,2.4876094053366008E-8
7800.0,1.677689849232006E-8
7802.14599609375,1.4581505544262917E-8
7810.0,1.8314483187034688E-8
7812.14892578125,1.9326374950439124E-8
7820.0,2.0847603071616737E-8
7822.1513671875,2.126577654441082E-8
7830.0,1.9912723973640837E-8
7832.154296875,1.9543499276349742E-8
7840.0,1.0129037310473651E-8
7842.1572265625,7.554723520175774E-9
7850.0,1.1028241292001804E-8
7852.15966796875,1.1981735010403268E-8
7860.0,2.091316357710289E-8
7862.16259765625,2.3360619495005317E-8
7870.0,1.3066372653288494E-8
7872.1650390625,1.0240403537198126E-8
7880.0,1.673102092889867E-8
7882.16796875,1.8514915726405027E-8
7890.0,1.9493039928586514E-8
7892.17041015625,1.9762488281726208E-8
7900.0,1.841390247100613E-8
7902.17333984375,1.8045121269041532E-8
7910.0,2.1754538443536448E-8
7912.17578125,2.2776311832421088E-8
7920.0,1.3136887251025848E-8
7922.1787109375,1.046982449687017E-8
7930.0,1.6764369812354097E-8
7932.18115234375,1.8507719519262185E-8
7940.0,1.7505441886716936E-8
7942.18408203125,1.722698982459082E-8
7950.0,1.860369619811611E-8
7952.1865234375,1.8990353085491694E-8
7960.0,1.9654515256891458E-8
7962.189453125,1.9835715614826086E-8
7970.0,1.55461675808389E-8
7972.19189453125,1.4349179312900789E-8
7980.0,1.694540257227693E-8
7982.19482421875,1.767480858306249E-8
7990.0,1.4253706916658766E-8
7992.19775390625,1.3292712252950363E-8
8000.0,1.7443850558923282E-8
8002.2001953125,1.8610628084403158E-8
8010.0,1.4371305169589308E-8
8012.203125,1.3177310565668928E-8
8020.0,6.442150641838644E-9
8022.20556640625,4.547677598494404E-9
8030.0,1.8848334920948786E-8
8032.20849609375,2.2882905622529426E-8
8040.0,1.845305005195086E-8
8042.2109375,1.719825647329738E-8
8050.0,2.0094964758765517E-8
8052.2138671875,2.0913694218728126E-8
8060.0,2.0068676045491733E-8
8062.21630859375,1.9833370811131163E-8
8070.0,1.3207015060966742E-8
8072.21923828125,1.132407248369015E-8
8080.0,1.4656105173412097E-8
8082.2216796875,1.5602191505267764E-8
8090.0,1.9774917114912093E-8
8092.224609375,2.096586843758064E-8
8100.0,1.5799257153132566E-8
8102.2275390625,1.4322983581905947E-8
8110.0,1.1738016628338433E-8
8112.22998046875,1.100043256392427E-8
8120.0,1.3699593047863404E-8
8122.23291015625,1.44738160775076E-8
8130.0,1.8186271275365053E-8
8132.2353515625,1.9245654293542214E-8
8140.0,1.4850699655343302E-8
8142.23828125,1.3590830534553605E-8
8150.0,1.8045695633030484E-8
8152.24072265625,1.932837553958312E-8
8160.0,1.5984689906142745E-8
8162.24365234375,1.5019264670117015E-8
8170.0,1.3231343397936442E-8
8172.24609375,1.2716458717366821E-8
8180.0,1.0257504798295574E-8
8182.2490234375,9.550280335851638E-9
8190.0,1.1473455950271352E-8
8192.251953125,1.202696892709497E-8
8200.0,1.212779088649536E-8
8202.25390625,1.2157259840331179E-8
8210.0,1.7503194017636563E-8
8212.2568359375,1.9055829062525623E-8
8220.0,1.7988482673049415E-8
8222.259765625,1.767469073049273E-8
8230.0,1.1207265394152785E-8
8232.2626953125,9.328553020195671E-9
8240.0,9.732956852036599E-9
8242.2646484375,9.85272927610538E-9
8250.0,1.292240599629155E-8
8252.267578125,1.3815517408556248E-8
8260.0,1.7430519330131883E-8
8262.2705078125,1.848642945177158E-8
8270.0,1.4313225678123425E-8
8272.2734375,1.3094823730333397E-8
8280.0,1.627277908708414E-8
8282.2763671875,1.7201343673765658E-8
8290.0,1.2210827826882563E-8
8292.2783203125,1.0746342559345665E-8
8300.0,1.797402155506101E-8
8302.28125,2.009801523499843E-8
8310.0,1.613961242126441E-8
8312.2841796875,1.4977476341742108E-8
8320.0,1.3397632487340423E-8
8322.287109375,1.2928569850311788E-8
8330.0,7.574012839359505E-9
8332.2890625,5.993280191099854E-9
8340.0,7.458530644871911E-9
8342.2919921875,7.89336694037151E-9
8350.0,7.85658929663463E-9
8352.294921875,7.84397675183023E-9
8360.0,9.881091157614156E-9
8362.2978515625,1.0485272675597431E-8
8370.0,1.1907431540197464E-8
8372.2998046875,1.2329698283489439E-8
8380.0,4.066409278837786E-9
8382.302734375,1.609057699097402E-9
8390.0,9.15660334984888E-9
8392.3056640625,1.1404655314065392E-8
8400.0,1.3036759876896587E-8
8402.30859375,1.3525916586900936E-8
8410.0,1.6722969535982124E-8
8412.310546875,1.7682486692559524E-8
8420.0,1.3205368924089839E-8
8422.3134765625,1.1861000462532702E-8
8430.0,1.0118450181212643E-8
8432.31640625,9.597860745547398E-9
8440.0,5.32577979478162E-9
8442.3193359375,4.041312550622707E-9
8450.0,7.1545006628042785E-9
8452.322265625,8.093752978991899E-9
8460.0,9.444275461418693E-9
8462.32421875,9.849663171251747E-9
8470.0,7.442105386273904E-9
8472.3271484375,6.715097956861718E-9
8480.0,1.3706225722377606E-8
8482.330078125,1.58206213022389E-8
8490.0,1.4253578850809574E-8
8492.3330078125,1.3781897957957488E-8
8500.0,3.219719790129008E-9
8502.3349609375,1.3138035718875224E-11
8510.0,1.3079393338189297E-11
8512.337890625,1.306155674727167E-11
8520.0,1.300301817305853E-11
8522.3408203125,1.2985138449827942E-11
8530.0,1.2926553698175456E-11
8532.34375,1.2911463150174776E-11
8540.0,1.286203847830099E-11
8542.3466796875,1.2844018277309062E-11
8550.0,1.278516573222837E-11
8552.3486328125,1.2767085091517874E-11
8560.0,1.2708099469851322E-11
8562.3515625,1.2689940040795568E-11
8570.0,1.2630794275833724E-11
8572.3544921875,1.2615374197849105E-11
8580.0,1.2565172266718563E-11
8582.357421875,1.2546856497497224E-11
8590.0,4.353059242198904E-8
8592.359375,5.6881387584936217E-8
8600.0,1.337842371108221E-8
8602.3623046875,1.239092769297646E-11
8610.0,1.233117562346419E-11
8612.365234375,1.2315407060888362E-11
8620.0,1.226437701049082E-11
8622.3681640625,1.2245758930899618E-11
8630.0,1.218567660128711E-11
8632.3701171875,1.2172812730288538E-11
8640.0,1.2131201476927393E-11
8642.373046875,1.2118197891339724E-11
8650.0,1.2076204151148222E-11
8652.3759765625,1.2063054655120042E-11
8660.0,1.2020659924812727E-11
8662.37890625,1.2010091812382537E-11
8670.0,1.1976002041495303E-11
8672.3818359375,1.1962563209106657E-11
8680.0,5.196753671435449E-8
8682.3837890625,6.814718790502878E-8
8690.0,1.6209569260972194E-8
8692.38671875,1.1848503629801862E-11
8700.0,1.1804536595935792E-11
8702.3896484375,1.1790668319592965E-11
8710.0,1.174629867442472E-11
8712.392578125,1.1734971301529927E-11
8720.0,1.3877061864478011E-8
8722.39453125,1.8219280005185164E-8
8730.0,4.358687925585265E-9
8732.3974609375,1.162507336623141E-11
8740.0,1.1579503016427415E-11
8742.400390625,1.156505069230637E-11
8750.0,1.1519089612261506E-11
8752.4033203125,1.150448947033799E-11
8760.0,1.1458134122203092E-11
8762.4052734375,1.1446026856351507E-11
8770.0,1.1407554920642822E-11
8772.408203125,1.1392652485556149E-11
8780.0,1.1345466224609791E-11
8782.4111328125,1.1330413949936759E-11
8790.0,1.1282830850247315E-11
8792.4140625,1.1267628154392587E-11
8800.0,1.1219647716487782E-11
8802.416015625,1.1200774268083858E-11
8810.0,1.1141401176469963E-11
8812.4189453125,1.1125008189163E-11
8820.0,1.107345405571278E-11
8822.421875,1.1054354497824705E-11
8830.0,1.0994462742044561E-11
8832.4248046875,1.0979616085945038E-11
8840.0,1.0933003578983696E-11
8842.427734375,1.0917990935779692E-11
8850.0,1.0870934092412106E-11
8852.4296875,1.0855760721688995E-11
8860.0,5.835952127980546E-8
8862.4326171875,7.699964305313926E-8
8870.0,1.8672959448500337E-8
8872.435546875,1.0731971835357522E-11
8880.0,1.0691369617065975E-11
8882.4384765625,1.0675678964608094E-11
8890.0,1.2308501480526492E-7
8892.4404296875,1.6256353186542176E-7
8900.0,3.953180000602932E-8
8902.443359375,1.0545565662082368E-11
8910.0,1.0495771966833983E-11
8912.4462890625,1.0479575787120938E-11
8920.0,1.0429329659169143E-11
8922.44921875,1.041296201371214E-11
8930.0,1.036226596884588E-11
8932.4521484375,1.0345725047853469E-11
8940.0,1.0294575021486868E-11
8942.4541015625,1.0280317799419712E-11
8950.0,1.0236200055870374E-11
8952.45703125,1.0219304361005939E-11
8960.0,1.0167197980953575E-11
8962.4599609375,1.0150139138292392E-11
8970.0,1.0097613839189418E-11
8972.462890625,1.0080401873394975E-11
8980.0,1.0027489455779375E-11
8982.46484375,1.0010134755061662E-11
8990.0,9.956840210223668E-12
8992.4677734375,9.939318513389977E-12
9000.0,9.885597092837237E-12
9002.470703125,9.868287654307373E-12
9010.0,9.815415943846435E-12
9012.4736328125,9.800423049591479E-12
9020.0,9.75463681930156E-12
9022.4765625,9.73719279114991E-12
9030.0,9.68407579540821E-12
9032.478515625,9.668073688275742E-12
9040.0,9.619353207892823E-12
9042.4814453125,9.60326817220295E-12
9050.0,9.554371493782415E-12
9052.484375,9.53819423172311E-12
9060.0,9.489094018635253E-12
9062.4873046875,9.472827390850416E-12
9070.0,9.423532878556556E-12
9072.4892578125,9.407182148680899E-12
9080.0,9.357684090252258E-12
9082.4921875,9.343526237926986E-12
9090.0,9.300668434570536E-12
9092.4951171875,9.28411140296915E-12
9100.0,9.234144879485359E-12
9102.498046875,9.21748326291596E-12
9110.0,9.167279646036513E-12
9112.5,9.150528761042524E-12
9120.0,9.100108334299796E-12
9122.5029296875,9.083250442637293E-12
9130.0,9.032587086796923E-12
9132.505859375,9.01562495917571E-12
9140.0,8.964727676571002E-12
9142.5087890625,8.94765925581288E-12
9150.0,8.896522708648095E-12
9152.5107421875,8.879350774923922E-12
9160.0,8.82795751419295E-12
9162.513671875,8.810674436650859E-12
9170.0,8.75902902406702E-12
9172.5166015625,8.74163343681804E-12
9180.0,8.689732656714739E-12
9182.51953125,8.674390829730526E-12
9190.0,8.628621806116923E-12
9192.5224609375,8.610979714804471E-12
9200.0,8.558506928604064E-12
9202.5244140625,8.53936057123129E-12
9210.0,8.482523981737772E-12
9212.52734375,8.463281588782101E-12
9220.0,8.406248388791235E-12
9222.5302734375,8.386909218033903E-12
9230.0,8.329677891957308E-12
9232.533203125,8.311150461731237E-12
9240.0,8.256373968731576E-12
9242.53515625,8.237735922279653E-12
9250.0,8.182689429279123E-12
9252.5380859375,8.163932089704352E-12
9260.0,8.108619142859311E-12
9262.541015625,8.089739256584532E-12
9270.0,8.034151269207529E-12
9272.5439453125,8.015147764622667E-12
9280.0,7.959282518602321E-12
9282.546875,7.940154514263465E-12
9290.0,7.884010353774643E-12
9292.548828125,7.864764708340961E-12
9300.0,7.808333651657291E-12
9302.5517578125,7.790955300516111E-12
9310.0,7.74000974782785E-12
9312.5546875,7.720491189398917E-12
9320.0,7.663436787644556E-12
9322.5576171875,7.643784759742677E-12
9330.0,7.586429175961702E-12
9332.5595703125,7.566653476989208E-12
9340.0,7.508996589473363E-12
9342.5625,7.489086516195855E-12
9350.0,7.431127622199481E-12
9352.5654296875,7.411082464147748E-12
9360.0,7.352820504544492E-12
9362.568359375,7.332642354948764E-12
9370.0,7.2740842925824236E-12
9372.5703125,7.25377188162729E-12
9380.0,7.194885281493525E-12
9382.5732421875,7.174435837240493E-12
9390.0,7.115243402099606E-12
9392.576171875,7.0946568820588764E-12
9400.0,7.035159478616929E-12
9402.5791015625,7.012535937009459E-12
9410.0,6.9473362932153536E-12
9412.58203125,6.924614348284202E-12
9420.0,6.859231714667129E-12
9422.583984375,6.836422428182388E-12
9430.0,6.7708557114796005E-12
9432.5869140625,6.749098644536777E-12
9440.0,6.686604611084076E-12
9442.58984375,6.664720428743336E-12
9450.0,6.601957800702063E-12
9452.5927734375,6.579943549747268E-12
9460.0,6.516904893147232E-12
9462.5947265625,6.494768872846024E-12
9470.0,6.431446658655009E-12
9472.59765625,6.4091824768742864E-12
9480.0,6.345591256849269E-12
9482.6005859375,6.323194216457024E-12
9490.0,6.259321711323024E-12
9492.603515625,6.236793763125997E-12
9500.0,6.172646361189045E-12
9502.6064453125,6.155464027303381E-12
9510.0,6.106608818253547E-12
9512.6083984375,6.08932531914729E-12
9520.0,6.040233006911621E-12
9522.611328125,6.0228464944479305E-12
9530.0,5.973537119286657E-12
9532.6142578125,5.956043161310947E-12
9540.0,5.906505073623563E-12
9542.6171875,5.888903590572946E-12
9550.0,5.83913732373773E-12
9552.619140625,5.8214348072609455E-12
9560.0,5.771434197178557E-12
9562.6220703125,5.7536242338330735E-12
9570.0,5.703397044559696E-12
9572.625,5.685477364619205E-12
9580.0,5.635018052292124E-12
9582.6279296875,5.616990998015484E-12
9590.0,5.566306815482972E-12
9592.630859375,5.548168283662104E-12
9600.0,5.497248637817719E-12
9602.6328125,5.4799697827674655E-12
9610.0,5.431476606834101E-12
9612.6357421875,5.411114082557186E-12
9620.0,5.3541790547782E-12
9622.638671875,5.335212975096996E-12
9630.0,2.1407318256729425E-9
9632.6416015625,2.8965202650354956E-9
9640.0,7.616400381419301E-10
9642.6435546875,5.190597545217625E-12
9650.0,5.137084792310079E-12
9652.646484375,5.1177936615279035E-12
9660.0,5.064102594111987E-12
9662.6494140625,5.044712626272564E-12
9670.0,4.990828635746698E-12
9672.65234375,4.9713423161462225E-12
9680.0,4.917272848877335E-12
9682.6552734375,4.897688628966718E-12
9690.0,4.843430114235384E-12
9692.6572265625,4.8237577236087E-12
9700.0,4.7693103698784105E-12
9702.66015625,4.74954111932651E-12
9710.0,4.694908740448161E-12
9712.6630859375,4.675043205698191E-12
9720.0,4.620228009693579E-12
9722.666015625,4.600264864961392E-12
9730.0,4.545263909327565E-12
9732.66796875,4.525213077543846E-12
9740.0,4.470026639070567E-12
9742.6708984375,4.449877692718669E-12
9750.0,4.39450532974464E-12
9752.673828125,4.3742607085693625E-12
9760.0,4.318709644963017E-12
9762.6767578125,4.298370129478556E-12
9770.0,4.2426430978998865E-12
9772.6796875,4.222207618802018E-12
9780.0,4.166302382020464E-12
9782.681640625,4.145779147507333E-12
9790.0,4.089690826402889E-12
9792.6845703125,4.0690731221720544E-12
9800.0,4.012811766787756E-12
9802.6875,3.991479414921081E-12
9810.0,3.9333917753898415E-12
9812.6904296875,3.911989084692277E-12
9820.0,3.853797822196274E-12
9822.6923828125,3.832333573066031E-12
9830.0,3.774033973633562E-12
9832.6953125,3.752898778231359E-12
9840.0,3.695555676043513E-12
9842.6982421875,3.6743363913789575E-12
9850.0,3.616851870851834E-12
9852.701171875,3.5955468225902397E-12
9860.0,3.537917011089445E-12
9862.703125,3.5165375817823266E-12
9870.0,3.4587649595975813E-12
9872.7060546875,3.4373016928308823E-12
9880.0,3.3793898876241374E-12
9882.708984375,3.3578440320718313E-12
9890.0,3.2997968797942786E-12
9892.7119140625,3.2781693198365673E-12
9900.0,3.2199896846209568E-12
9902.71484375,3.197355957638741E-12
9910.0,2.663612106273224E-10
9912.716796875,3.619949937841067E-10
9920.0,9.880460709325851E-11
9922.7197265625,3.0346477872558122E-12
9930.0,2.9761414157658624E-12
9932.72265625,2.954226719926166E-12
9940.0,2.8955991980642667E-12
9942.7255859375,2.8736088154984167E-12
9950.0,2.8148669674825575E-12
9952.7275390625,2.792806625448075E-12
9960.0,2.7339374312152636E-12
9962.73046875,2.711802760937215E-12
9970.0,2.6528237073945844E-12
9972.7333984375,2.6306158916424086E-12
9980.0,2.5715305244939746E-12
9982.736328125,2.5492489150260747E-12
9990.0,2.4900560644329678E-12
9992.7392578125,2.467702098859653E-12
10000.0,2.4084059648878062E-12
10002.7412109375,2.3935017596415312E-12
10010.0,2.354040767828189E-12
10012.744140625,2.3391142172791625E-12
10020.0,2.2996529564577864E-12
10022.7470703125,2.2847048454548947E-12
10030.0,2.2452454369724887E-12
10032.75,2.229612857462933E-12
10040.0,3.1199243955018103E-10
10042.751953125,4.2664976899079615E-10
10050.0,2.0110944313460246E-10
10052.7548828125,1.1749426925255804E-10
10060.0,5.497476212840878E-10
10062.7578125,7.099551551919723E-10
10070.0,3.545156276930795E-9
10072.759765625,4.596392816298024E-9
10080.0,1.3671529351388552E-9
10082.7626953125,1.6801919004730782E-10
10090.0,7.63736088272307E-9
10092.765625,1.0410578568721867E-8
10100.0,9.181109009118933E-9
10102.7685546875,8.721919760716744E-9
10110.0,5.971395945322049E-9
10112.771484375,4.946815598852687E-9
10120.0,5.155563239431853E-9
10122.7744140625,5.230313279414055E-9
10130.0,1.2462933907544596E-8
10132.77734375,1.5154101487493567E-8
10140.0,1.1806153083896904E-8
10142.779296875,1.0555928938218013E-8
10150.0,5.689516504669233E-9
10152.7822265625,3.875144718934406E-9
10160.0,6.016823021720901E-9
10162.78515625,6.812711493835698E-9
10170.0,1.0800748164069126E-8
10172.7880859375,1.2282942934952325E-8
10180.0,1.3195749947838718E-8
10182.7900390625,1.3530673490400528E-8
10190.0,1.2293655249501443E-8
10192.79296875,1.1827670729311699E-8
10200.0,1.3422511715931969E-8
10202.7958984375,1.406482745551034E-8
10210.0,1.1993846515100029E-8
10212.7978515625,1.1212652139266446E-8
10220.0,1.1384674857868758E-8
10222.80078125,1.1447368731417554E-8
10230.0,1.3697037520560117E-8
10232.8037109375,1.4545725104559635E-8
10240.0,1.3973189640898474E-8
10242.806640625,1.3753020507194975E-8
10250.0,1.545873093090717E-8
10252.80859375,1.6101267951549678E-8
10260.0,1.5422713242863354E-8
10262.8115234375,1.5161421908176134E-8
10270.0,1.8080286542393947E-8
10272.8154296875,1.9176662493234384E-8
10280.0,1.9485349129345184E-8
10282.8173828125,1.9602540965727783E-8
10290.0,1.7632411777964925E-8
10292.8203125,1.6878983625429726E-8
10300.0,2.0645718380187447E-8
10302.8232421875,2.2068926800659935E-8
10310.0,1.9625319581242778E-8
10312.826171875,1.86901538064875E-8
10320.0,1.6133436790042396E-8
10322.828125,1.515636576686653E-8
10330.0,1.7572321357022514E-8
10332.8310546875,1.848211475904055E-8
10340.0,2.0685802413621564E-8
10342.833984375,2.1506049986048732E-8
10350.0,2.0206339326341057E-8
10352.8359375,1.9709850366517288E-8
10360.0,1.9505068858780616E-8
10362.8388671875,1.941693322616001E-8
10370.0,1.887844505921632E-8
10372.841796875,1.8663277202462122E-8
10380.0,1.9184613350362475E-8
10382.84375,1.93696555194111E-8
10390.0,1.7965102600115774E-8
10392.8466796875,1.7421183496375802E-8
10400.0,1.945257322099342E-8
10402.849609375,2.0352823174698054E-8
10410.0,1.7892075932435683E-8
10412.8525390625,1.693991450629117E-8
10420.0,1.778806627250648E-8
10422.85546875,1.811330293960223E-8
10430.0,1.706689027317574E-8
10432.8583984375,1.6656267494497626E-8
10440.0,1.6952410308257508E-8
10442.861328125,1.7063203681731765E-8
10450.0,1.628060230235028E-8
10452.86328125,1.596669785092528E-8
10460.0,1.7455851586512555E-8
10462.8662109375,1.8035061569734463E-8
10470.0,1.736337942923489E-8
10472.869140625,1.709672769212263E-8
10480.0,1.7274278781065954E-8
10482.8720703125,1.73377299987895E-8
10490.0,1.6806755724733818E-8
10492.8740234375,1.659423190535345E-8
10500.0,1.6428642233589968E-8
10502.876953125,1.6352607004789437E-8
10510.0,1.6187400289078385E-8
10512.8798828125,1.6121792464961693E-8
10520.0,1.573006730674133E-8
10522.8818359375,1.5570806141141132E-8
10530.0,1.540369016333511E-8
10532.884765625,1.5331442989844312E-8
10540.0,1.4824755253406365E-8
10542.8876953125,1.4620140150864014E-8
10550.0,1.453620572477349E-8
10552.890625,1.4490650005995008E-8
10560.0,1.513654999652128E-8
10562.892578125,1.5382871602690814E-8
10570.0,1.5025000759157462E-8
10572.896484375,1.4876076032624767E-8
10580.0,1.3925698663801951E-8
10582.8994140625,1.3546890406776575E-8
10590.0,1.3388909489164612E-8
10592.9013671875,1.3316856165878204E-8
10600.0,1.3475722950426995E-8
10602.904296875,1.3657757000934361E-8
10610.0,1.3273145341633998E-8
10612.9072265625,1.3121717799649242E-8
10620.0,1.3242924250887581E-8
10622.91015625,1.3289388113654709E-8
10630.0,1.3148067568795493E-8
10632.912109375,1.3089245680599693E-8
10640.0,1.33020150189289E-8
10642.9150390625,1.3380474103259345E-8
10650.0,1.303519546967162E-8
10652.91796875,1.2898674784517901E-8
10660.0,1.240386622674666E-8
10662.919921875,1.2202753403466293E-8
10670.0,1.2446036860283904E-8
10672.9228515625,1.2541312441505245E-8
10680.0,1.3415491772045872E-8
10682.92578125,1.3764246440572527E-8
10690.0,1.2970806702288463E-8
10692.9287109375,1.2644189910059095E-8
10700.0,1.2157862979522644E-8
10702.9306640625,1.196345237550367E-8
10710.0,1.2282699427175666E-8
10712.93359375,1.240822815084959E-8
10720.0,1.2339422249516447E-8
10722.9365234375,1.2308430695333356E-8
10730.0,1.1764799280455218E-8
10732.939453125,1.1538256283688258E-8
10740.0,1.15180482626607E-8
10742.9423828125,1.151036764741082E-8
10750.0,1.1215937696690976E-8
10752.9453125,1.109355325584509E-8
10760.0,1.18315305200435E-8
10762.9482421875,1.2125424063551119E-8
10770.0,1.1409487830882151E-8
10772.9501953125,1.1112426222738422E-8
10780.0,1.0397590708198301E-8
10782.953125,1.0108779517158478E-8
10790.0,1.032431650604928E-8
10792.9560546875,1.040699231309762E-8
10800.0,1.0239837176849101E-8
10802.9580078125,1.0196444091780717E-8
10810.0,9.56207615721319E-9
10812.9609375,9.297612394706976E-9
10820.0,9.596333101596195E-9
10822.9638671875,9.718453081699772E-9
10830.0,9.67389550560512E-9
10832.966796875,9.652649662651108E-9
10840.0,9.075510126610019E-9
10842.96875,8.833915435324334E-9
10850.0,8.795115612051132E-9
10852.9716796875,8.77916611565342E-9
10860.0,8.723628807791034E-9
10862.974609375,8.697583043743111E-9
10870.0,8.29981519418216E-9
10872.9765625,8.134141078303134E-9
10880.0,7.903389984318186E-9
10882.98046875,7.802879066015968E-9
10890.0,7.69699311562587E-9
10892.9833984375,7.65277448690508E-9
10900.0,7.523614203395118E-9
10902.986328125,7.466964366943864E-9
10910.0,7.292537398238421E-9
10912.98828125,7.217271055223289E-9
10920.0,7.14987536069285E-9
10922.9912109375,7.1153262576191235E-9
10930.0,6.751310399650977E-9
10932.994140625,6.601050715943043E-9
10940.0,6.497692186171256E-9
10942.99609375,6.450749698290666E-9
10950.0,6.216669918437464E-9
10952.9990234375,6.114199968212418E-9
10960.0,5.8777867320134825E-9
10963.001953125,5.778635307711182E-9
10970.0,5.600287678082847E-9
10973.0048828125,5.522279880733086E-9
10980.0,5.0270773802090206E-9
10983.0068359375,4.819649624290802E-9
10990.0,4.753617402916125E-9
10993.009765625,4.722010971461305E-9
11000.0,4.546740231891724E-9
11003.0126953125,4.503195055370687E-9
11004.0126953125,0.0
